-- MySQL dump 10.13  Distrib 5.6.13, for osx10.7 (x86_64)
--
-- Host: mapstest.cn2qixcjfegj.us-west-2.rds.amazonaws.com    Database: test_company
-- ------------------------------------------------------
-- Server version	5.6.13-log

/*!40101 SET @OLD_CHARACTER_SET_CLIENT=@@CHARACTER_SET_CLIENT */;
/*!40101 SET @OLD_CHARACTER_SET_RESULTS=@@CHARACTER_SET_RESULTS */;
/*!40101 SET @OLD_COLLATION_CONNECTION=@@COLLATION_CONNECTION */;
/*!40101 SET NAMES utf8 */;
/*!40103 SET @OLD_TIME_ZONE=@@TIME_ZONE */;
/*!40103 SET TIME_ZONE='+00:00' */;
/*!40014 SET @OLD_UNIQUE_CHECKS=@@UNIQUE_CHECKS, UNIQUE_CHECKS=0 */;
/*!40014 SET @OLD_FOREIGN_KEY_CHECKS=@@FOREIGN_KEY_CHECKS, FOREIGN_KEY_CHECKS=0 */;
/*!40101 SET @OLD_SQL_MODE=@@SQL_MODE, SQL_MODE='NO_AUTO_VALUE_ON_ZERO' */;
/*!40111 SET @OLD_SQL_NOTES=@@SQL_NOTES, SQL_NOTES=0 */;

--
-- Table structure for table `cinemas`
--

DROP TABLE IF EXISTS `cinemas`;
/*!40101 SET @saved_cs_client     = @@character_set_client */;
/*!40101 SET character_set_client = utf8 */;
CREATE TABLE `cinemas` (
  `cinema_id` int(11) NOT NULL AUTO_INCREMENT,
  `name` varchar(45) DEFAULT NULL,
  `address` varchar(45) DEFAULT NULL,
  PRIMARY KEY (`cinema_id`)
) ENGINE=InnoDB AUTO_INCREMENT=6 DEFAULT CHARSET=utf8;
/*!40101 SET character_set_client = @saved_cs_client */;

--
-- Dumping data for table `cinemas`
--

LOCK TABLES `cinemas` WRITE;
/*!40000 ALTER TABLE `cinemas` DISABLE KEYS */;
INSERT INTO `cinemas` VALUES (1,'Ашхабад','м.Южная, м. Чертановская, ул. Чертановская, 1'),(2,'Байкал','м. Войковская, Михалковская ул., 4'),(3,'Баррикады','м. Краснопресненская, ул. Баррикадная, 21/34,'),(4,'Динамит','м. Выхино, Жулебинский бульвар, 5, ТЦ \"Динами'),(5,'Будапешт','м. Алтуфьево, ул. Лескова, 14');
/*!40000 ALTER TABLE `cinemas` ENABLE KEYS */;
UNLOCK TABLES;

--
-- Table structure for table `films`
--

DROP TABLE IF EXISTS `films`;
/*!40101 SET @saved_cs_client     = @@character_set_client */;
/*!40101 SET character_set_client = utf8 */;
CREATE TABLE `films` (
  `film_id` int(11) NOT NULL AUTO_INCREMENT,
  `name` varchar(45) DEFAULT NULL,
  PRIMARY KEY (`film_id`)
) ENGINE=InnoDB AUTO_INCREMENT=8 DEFAULT CHARSET=utf8;
/*!40101 SET character_set_client = @saved_cs_client */;

--
-- Dumping data for table `films`
--

LOCK TABLES `films` WRITE;
/*!40000 ALTER TABLE `films` DISABLE KEYS */;
INSERT INTO `films` VALUES (1,'Новый Человек-паук: Высокое напряжение'),(2,'Газгольдер: Фильм'),(3,'Оторвы'),(4,'Под маской жиголо'),(5,'Танцуй отсюда!'),(6,'Зеркала'),(7,'Диалоги');
/*!40000 ALTER TABLE `films` ENABLE KEYS */;
UNLOCK TABLES;

--
-- Table structure for table `halls`
--

DROP TABLE IF EXISTS `halls`;
/*!40101 SET @saved_cs_client     = @@character_set_client */;
/*!40101 SET character_set_client = utf8 */;
CREATE TABLE `halls` (
  `hall_id` int(11) NOT NULL AUTO_INCREMENT,
  `name` varchar(45) DEFAULT NULL,
  `cinema_id` int(11) DEFAULT NULL,
  PRIMARY KEY (`hall_id`),
  KEY `auditorium_ibfk_1` (`cinema_id`),
  CONSTRAINT `halls_ibfk_1` FOREIGN KEY (`cinema_id`) REFERENCES `cinemas` (`cinema_id`) ON UPDATE CASCADE
) ENGINE=InnoDB AUTO_INCREMENT=24 DEFAULT CHARSET=utf8;
/*!40101 SET character_set_client = @saved_cs_client */;

--
-- Dumping data for table `halls`
--

LOCK TABLES `halls` WRITE;
/*!40000 ALTER TABLE `halls` DISABLE KEYS */;
INSERT INTO `halls` VALUES (1,'1',1),(2,'2',1),(3,'3',1),(4,'1',2),(5,'2',2),(6,'3',2),(7,'1',3),(8,'2',3),(9,'3',3),(10,'4',3),(11,'1',4),(12,'2',4),(13,'3',4),(14,'4',4),(15,'5',4),(16,'6',4),(17,'1',5),(18,'2',5),(19,'3',5),(20,'4',5),(21,'5',5),(22,'6',5),(23,'7',5);
/*!40000 ALTER TABLE `halls` ENABLE KEYS */;
UNLOCK TABLES;

--
-- Table structure for table `orders`
--

DROP TABLE IF EXISTS `orders`;
/*!40101 SET @saved_cs_client     = @@character_set_client */;
/*!40101 SET character_set_client = utf8 */;
CREATE TABLE `orders` (
  `order_id` int(11) NOT NULL AUTO_INCREMENT,
  `schedule_id` int(11) DEFAULT NULL,
  `stringkey` varchar(32) DEFAULT NULL,
  `state` varchar(45) DEFAULT NULL,
  PRIMARY KEY (`order_id`),
  KEY `schedule_id` (`schedule_id`),
  CONSTRAINT `orders_ibfk_1` FOREIGN KEY (`schedule_id`) REFERENCES `sessions` (`session_id`) ON UPDATE CASCADE
) ENGINE=InnoDB AUTO_INCREMENT=10 DEFAULT CHARSET=utf8;
/*!40101 SET character_set_client = @saved_cs_client */;

--
-- Dumping data for table `orders`
--

LOCK TABLES `orders` WRITE;
/*!40000 ALTER TABLE `orders` DISABLE KEYS */;
INSERT INTO `orders` VALUES (5,1,'ef6915a898d109e6','Rejected'),(6,1,'bad1a1e59573662b','Rejected'),(7,1,'7946a9111f6383bc','Rejected'),(8,1,'6e1e7a0e39cc1210','Rejected'),(9,1,'c9f69cca3578507d','Rejected');
/*!40000 ALTER TABLE `orders` ENABLE KEYS */;
UNLOCK TABLES;

--
-- Table structure for table `places`
--

DROP TABLE IF EXISTS `places`;
/*!40101 SET @saved_cs_client     = @@character_set_client */;
/*!40101 SET character_set_client = utf8 */;
CREATE TABLE `places` (
  `place_id` int(11) NOT NULL AUTO_INCREMENT,
  `order_id` int(11) DEFAULT NULL,
  `num_place` int(11) DEFAULT NULL,
  PRIMARY KEY (`place_id`),
  KEY `order_id` (`order_id`),
  CONSTRAINT `places_ibfk_1` FOREIGN KEY (`order_id`) REFERENCES `orders` (`order_id`) ON UPDATE CASCADE
) ENGINE=InnoDB AUTO_INCREMENT=27 DEFAULT CHARSET=utf8;
/*!40101 SET character_set_client = @saved_cs_client */;

--
-- Dumping data for table `places`
--

LOCK TABLES `places` WRITE;
/*!40000 ALTER TABLE `places` DISABLE KEYS */;
INSERT INTO `places` VALUES (1,5,2),(2,5,3),(3,5,4),(4,5,5),(5,5,6),(6,5,7),(7,6,2),(8,6,3),(9,6,4),(10,6,5),(11,6,6),(12,6,7),(13,7,2),(14,7,3),(15,7,4),(16,7,5),(17,7,6),(18,7,7),(19,8,2),(20,8,3),(21,8,4),(22,8,5),(23,8,6),(24,8,7),(25,9,17),(26,9,18);
/*!40000 ALTER TABLE `places` ENABLE KEYS */;
UNLOCK TABLES;

--
-- Table structure for table `sessions`
--

DROP TABLE IF EXISTS `sessions`;
/*!40101 SET @saved_cs_client     = @@character_set_client */;
/*!40101 SET character_set_client = utf8 */;
CREATE TABLE `sessions` (
  `session_id` int(11) NOT NULL AUTO_INCREMENT,
  `date_movie_start` int(11) DEFAULT NULL,
  `date_movie_end` int(11) DEFAULT NULL,
  `hall_id` int(11) DEFAULT NULL,
  `film_id` int(11) DEFAULT NULL,
  `location_info` text,
  PRIMARY KEY (`session_id`),
  KEY `schedule_ibfk_2` (`hall_id`),
  KEY `schedule_ibfk_1` (`film_id`),
  CONSTRAINT `sessions_ibfk_1` FOREIGN KEY (`film_id`) REFERENCES `films` (`film_id`) ON UPDATE CASCADE,
  CONSTRAINT `sessions_ibfk_2` FOREIGN KEY (`hall_id`) REFERENCES `halls` (`hall_id`) ON UPDATE CASCADE
) ENGINE=InnoDB AUTO_INCREMENT=70 DEFAULT CHARSET=utf8;
/*!40101 SET character_set_client = @saved_cs_client */;

--
-- Dumping data for table `sessions`
--

LOCK TABLES `sessions` WRITE;
/*!40000 ALTER TABLE `sessions` DISABLE KEYS */;
INSERT INTO `sessions` VALUES (1,1398582000,1398589200,1,1,'a:30:{i:1;b:1;i:2;b:1;i:3;b:1;i:4;b:1;i:5;b:1;i:6;b:1;i:7;b:1;i:8;b:1;i:9;b:1;i:10;b:1;i:11;b:1;i:12;b:1;i:13;b:1;i:14;b:1;i:15;b:1;i:16;b:1;i:17;b:1;i:18;b:1;i:19;b:1;i:20;b:1;i:21;b:1;i:22;b:1;i:23;b:1;i:24;b:1;i:25;b:1;i:26;b:1;i:27;b:1;i:28;b:1;i:29;b:1;i:30;b:1;}'),(2,1398582000,1398589200,2,2,'a:30:{i:1;b:1;i:2;b:1;i:3;b:1;i:4;b:1;i:5;b:1;i:6;b:1;i:7;b:1;i:8;b:1;i:9;b:1;i:10;b:1;i:11;b:1;i:12;b:1;i:13;b:1;i:14;b:1;i:15;b:1;i:16;b:1;i:17;b:1;i:18;b:1;i:19;b:1;i:20;b:1;i:21;b:1;i:22;b:1;i:23;b:1;i:24;b:1;i:25;b:1;i:26;b:1;i:27;b:1;i:28;b:1;i:29;b:1;i:30;b:1;}'),(3,1398582000,1398589200,3,3,'a:30:{i:1;b:1;i:2;b:1;i:3;b:1;i:4;b:1;i:5;b:1;i:6;b:1;i:7;b:1;i:8;b:1;i:9;b:1;i:10;b:1;i:11;b:1;i:12;b:1;i:13;b:1;i:14;b:1;i:15;b:1;i:16;b:1;i:17;b:1;i:18;b:1;i:19;b:1;i:20;b:1;i:21;b:1;i:22;b:1;i:23;b:1;i:24;b:1;i:25;b:1;i:26;b:1;i:27;b:1;i:28;b:1;i:29;b:1;i:30;b:1;}'),(4,1398582000,1398589200,4,4,'a:30:{i:1;b:1;i:2;b:1;i:3;b:1;i:4;b:1;i:5;b:1;i:6;b:1;i:7;b:1;i:8;b:1;i:9;b:1;i:10;b:1;i:11;b:1;i:12;b:1;i:13;b:1;i:14;b:1;i:15;b:1;i:16;b:1;i:17;b:1;i:18;b:1;i:19;b:1;i:20;b:1;i:21;b:1;i:22;b:1;i:23;b:1;i:24;b:1;i:25;b:1;i:26;b:1;i:27;b:1;i:28;b:1;i:29;b:1;i:30;b:1;}'),(5,1398582000,1398589200,5,5,'a:30:{i:1;b:1;i:2;b:1;i:3;b:1;i:4;b:1;i:5;b:1;i:6;b:1;i:7;b:1;i:8;b:1;i:9;b:1;i:10;b:1;i:11;b:1;i:12;b:1;i:13;b:1;i:14;b:1;i:15;b:1;i:16;b:1;i:17;b:1;i:18;b:1;i:19;b:1;i:20;b:1;i:21;b:1;i:22;b:1;i:23;b:1;i:24;b:1;i:25;b:1;i:26;b:1;i:27;b:1;i:28;b:1;i:29;b:1;i:30;b:1;}'),(6,1398582000,1398589200,6,6,'a:30:{i:1;b:1;i:2;b:1;i:3;b:1;i:4;b:1;i:5;b:1;i:6;b:1;i:7;b:1;i:8;b:1;i:9;b:1;i:10;b:1;i:11;b:1;i:12;b:1;i:13;b:1;i:14;b:1;i:15;b:1;i:16;b:1;i:17;b:1;i:18;b:1;i:19;b:1;i:20;b:1;i:21;b:1;i:22;b:1;i:23;b:1;i:24;b:1;i:25;b:1;i:26;b:1;i:27;b:1;i:28;b:1;i:29;b:1;i:30;b:1;}'),(7,1398582000,1398589200,7,7,'a:30:{i:1;b:1;i:2;b:1;i:3;b:1;i:4;b:1;i:5;b:1;i:6;b:1;i:7;b:1;i:8;b:1;i:9;b:1;i:10;b:1;i:11;b:1;i:12;b:1;i:13;b:1;i:14;b:1;i:15;b:1;i:16;b:1;i:17;b:1;i:18;b:1;i:19;b:1;i:20;b:1;i:21;b:1;i:22;b:1;i:23;b:1;i:24;b:1;i:25;b:1;i:26;b:1;i:27;b:1;i:28;b:1;i:29;b:1;i:30;b:1;}'),(8,1398582000,1398589200,8,1,'a:30:{i:1;b:1;i:2;b:1;i:3;b:1;i:4;b:1;i:5;b:1;i:6;b:1;i:7;b:1;i:8;b:1;i:9;b:1;i:10;b:1;i:11;b:1;i:12;b:1;i:13;b:1;i:14;b:1;i:15;b:1;i:16;b:1;i:17;b:1;i:18;b:1;i:19;b:1;i:20;b:1;i:21;b:1;i:22;b:1;i:23;b:1;i:24;b:1;i:25;b:1;i:26;b:1;i:27;b:1;i:28;b:1;i:29;b:1;i:30;b:1;}'),(9,1398582000,1398589200,9,2,'a:30:{i:1;b:1;i:2;b:1;i:3;b:1;i:4;b:1;i:5;b:1;i:6;b:1;i:7;b:1;i:8;b:1;i:9;b:1;i:10;b:1;i:11;b:1;i:12;b:1;i:13;b:1;i:14;b:1;i:15;b:1;i:16;b:1;i:17;b:1;i:18;b:1;i:19;b:1;i:20;b:1;i:21;b:1;i:22;b:1;i:23;b:1;i:24;b:1;i:25;b:1;i:26;b:1;i:27;b:1;i:28;b:1;i:29;b:1;i:30;b:1;}'),(10,1398582000,1398589200,10,3,'a:30:{i:1;b:1;i:2;b:1;i:3;b:1;i:4;b:1;i:5;b:1;i:6;b:1;i:7;b:1;i:8;b:1;i:9;b:1;i:10;b:1;i:11;b:1;i:12;b:1;i:13;b:1;i:14;b:1;i:15;b:1;i:16;b:1;i:17;b:1;i:18;b:1;i:19;b:1;i:20;b:1;i:21;b:1;i:22;b:1;i:23;b:1;i:24;b:1;i:25;b:1;i:26;b:1;i:27;b:1;i:28;b:1;i:29;b:1;i:30;b:1;}'),(11,1398582000,1398589200,11,4,'a:30:{i:1;b:1;i:2;b:1;i:3;b:1;i:4;b:1;i:5;b:1;i:6;b:1;i:7;b:1;i:8;b:1;i:9;b:1;i:10;b:1;i:11;b:1;i:12;b:1;i:13;b:1;i:14;b:1;i:15;b:1;i:16;b:1;i:17;b:1;i:18;b:1;i:19;b:1;i:20;b:1;i:21;b:1;i:22;b:1;i:23;b:1;i:24;b:1;i:25;b:1;i:26;b:1;i:27;b:1;i:28;b:1;i:29;b:1;i:30;b:1;}'),(12,1398582000,1398589200,12,5,'a:30:{i:1;b:1;i:2;b:1;i:3;b:1;i:4;b:1;i:5;b:1;i:6;b:1;i:7;b:1;i:8;b:1;i:9;b:1;i:10;b:1;i:11;b:1;i:12;b:1;i:13;b:1;i:14;b:1;i:15;b:1;i:16;b:1;i:17;b:1;i:18;b:1;i:19;b:1;i:20;b:1;i:21;b:1;i:22;b:1;i:23;b:1;i:24;b:1;i:25;b:1;i:26;b:1;i:27;b:1;i:28;b:1;i:29;b:1;i:30;b:1;}'),(13,1398582000,1398589200,13,6,'a:30:{i:1;b:1;i:2;b:1;i:3;b:1;i:4;b:1;i:5;b:1;i:6;b:1;i:7;b:1;i:8;b:1;i:9;b:1;i:10;b:1;i:11;b:1;i:12;b:1;i:13;b:1;i:14;b:1;i:15;b:1;i:16;b:1;i:17;b:1;i:18;b:1;i:19;b:1;i:20;b:1;i:21;b:1;i:22;b:1;i:23;b:1;i:24;b:1;i:25;b:1;i:26;b:1;i:27;b:1;i:28;b:1;i:29;b:1;i:30;b:1;}'),(14,1398582000,1398589200,14,7,'a:30:{i:1;b:1;i:2;b:1;i:3;b:1;i:4;b:1;i:5;b:1;i:6;b:1;i:7;b:1;i:8;b:1;i:9;b:1;i:10;b:1;i:11;b:1;i:12;b:1;i:13;b:1;i:14;b:1;i:15;b:1;i:16;b:1;i:17;b:1;i:18;b:1;i:19;b:1;i:20;b:1;i:21;b:1;i:22;b:1;i:23;b:1;i:24;b:1;i:25;b:1;i:26;b:1;i:27;b:1;i:28;b:1;i:29;b:1;i:30;b:1;}'),(15,1398582000,1398589200,15,1,'a:30:{i:1;b:1;i:2;b:1;i:3;b:1;i:4;b:1;i:5;b:1;i:6;b:1;i:7;b:1;i:8;b:1;i:9;b:1;i:10;b:1;i:11;b:1;i:12;b:1;i:13;b:1;i:14;b:1;i:15;b:1;i:16;b:1;i:17;b:1;i:18;b:1;i:19;b:1;i:20;b:1;i:21;b:1;i:22;b:1;i:23;b:1;i:24;b:1;i:25;b:1;i:26;b:1;i:27;b:1;i:28;b:1;i:29;b:1;i:30;b:1;}'),(16,1398582000,1398589200,16,2,'a:30:{i:1;b:1;i:2;b:1;i:3;b:1;i:4;b:1;i:5;b:1;i:6;b:1;i:7;b:1;i:8;b:1;i:9;b:1;i:10;b:1;i:11;b:1;i:12;b:1;i:13;b:1;i:14;b:1;i:15;b:1;i:16;b:1;i:17;b:1;i:18;b:1;i:19;b:1;i:20;b:1;i:21;b:1;i:22;b:1;i:23;b:1;i:24;b:1;i:25;b:1;i:26;b:1;i:27;b:1;i:28;b:1;i:29;b:1;i:30;b:1;}'),(17,1398582000,1398589200,17,3,'a:30:{i:1;b:1;i:2;b:1;i:3;b:1;i:4;b:1;i:5;b:1;i:6;b:1;i:7;b:1;i:8;b:1;i:9;b:1;i:10;b:1;i:11;b:1;i:12;b:1;i:13;b:1;i:14;b:1;i:15;b:1;i:16;b:1;i:17;b:1;i:18;b:1;i:19;b:1;i:20;b:1;i:21;b:1;i:22;b:1;i:23;b:1;i:24;b:1;i:25;b:1;i:26;b:1;i:27;b:1;i:28;b:1;i:29;b:1;i:30;b:1;}'),(18,1398582000,1398589200,18,4,'a:30:{i:1;b:1;i:2;b:1;i:3;b:1;i:4;b:1;i:5;b:1;i:6;b:1;i:7;b:1;i:8;b:1;i:9;b:1;i:10;b:1;i:11;b:1;i:12;b:1;i:13;b:1;i:14;b:1;i:15;b:1;i:16;b:1;i:17;b:1;i:18;b:1;i:19;b:1;i:20;b:1;i:21;b:1;i:22;b:1;i:23;b:1;i:24;b:1;i:25;b:1;i:26;b:1;i:27;b:1;i:28;b:1;i:29;b:1;i:30;b:1;}'),(19,1398582000,1398589200,19,5,'a:30:{i:1;b:1;i:2;b:1;i:3;b:1;i:4;b:1;i:5;b:1;i:6;b:1;i:7;b:1;i:8;b:1;i:9;b:1;i:10;b:1;i:11;b:1;i:12;b:1;i:13;b:1;i:14;b:1;i:15;b:1;i:16;b:1;i:17;b:1;i:18;b:1;i:19;b:1;i:20;b:1;i:21;b:1;i:22;b:1;i:23;b:1;i:24;b:1;i:25;b:1;i:26;b:1;i:27;b:1;i:28;b:1;i:29;b:1;i:30;b:1;}'),(20,1398582000,1398589200,20,6,'a:30:{i:1;b:1;i:2;b:1;i:3;b:1;i:4;b:1;i:5;b:1;i:6;b:1;i:7;b:1;i:8;b:1;i:9;b:1;i:10;b:1;i:11;b:1;i:12;b:1;i:13;b:1;i:14;b:1;i:15;b:1;i:16;b:1;i:17;b:1;i:18;b:1;i:19;b:1;i:20;b:1;i:21;b:1;i:22;b:1;i:23;b:1;i:24;b:1;i:25;b:1;i:26;b:1;i:27;b:1;i:28;b:1;i:29;b:1;i:30;b:1;}'),(21,1398582000,1398589200,21,7,'a:30:{i:1;b:1;i:2;b:1;i:3;b:1;i:4;b:1;i:5;b:1;i:6;b:1;i:7;b:1;i:8;b:1;i:9;b:1;i:10;b:1;i:11;b:1;i:12;b:1;i:13;b:1;i:14;b:1;i:15;b:1;i:16;b:1;i:17;b:1;i:18;b:1;i:19;b:1;i:20;b:1;i:21;b:1;i:22;b:1;i:23;b:1;i:24;b:1;i:25;b:1;i:26;b:1;i:27;b:1;i:28;b:1;i:29;b:1;i:30;b:1;}'),(22,1398582000,1398589200,22,1,'a:30:{i:1;b:1;i:2;b:1;i:3;b:1;i:4;b:1;i:5;b:1;i:6;b:1;i:7;b:1;i:8;b:1;i:9;b:1;i:10;b:1;i:11;b:1;i:12;b:1;i:13;b:1;i:14;b:1;i:15;b:1;i:16;b:1;i:17;b:1;i:18;b:1;i:19;b:1;i:20;b:1;i:21;b:1;i:22;b:1;i:23;b:1;i:24;b:1;i:25;b:1;i:26;b:1;i:27;b:1;i:28;b:1;i:29;b:1;i:30;b:1;}'),(23,1398582000,1398589200,23,2,'a:30:{i:1;b:1;i:2;b:1;i:3;b:1;i:4;b:1;i:5;b:1;i:6;b:1;i:7;b:1;i:8;b:1;i:9;b:1;i:10;b:1;i:11;b:1;i:12;b:1;i:13;b:1;i:14;b:1;i:15;b:1;i:16;b:1;i:17;b:1;i:18;b:1;i:19;b:1;i:20;b:1;i:21;b:1;i:22;b:1;i:23;b:1;i:24;b:1;i:25;b:1;i:26;b:1;i:27;b:1;i:28;b:1;i:29;b:1;i:30;b:1;}'),(24,1398589200,1398596400,1,7,'a:30:{i:1;b:1;i:2;b:1;i:3;b:1;i:4;b:1;i:5;b:1;i:6;b:1;i:7;b:1;i:8;b:1;i:9;b:1;i:10;b:1;i:11;b:1;i:12;b:1;i:13;b:1;i:14;b:1;i:15;b:1;i:16;b:1;i:17;b:1;i:18;b:1;i:19;b:1;i:20;b:1;i:21;b:1;i:22;b:1;i:23;b:1;i:24;b:1;i:25;b:1;i:26;b:1;i:27;b:1;i:28;b:1;i:29;b:1;i:30;b:1;}'),(25,1398589200,1398596400,2,6,'a:30:{i:1;b:1;i:2;b:1;i:3;b:1;i:4;b:1;i:5;b:1;i:6;b:1;i:7;b:1;i:8;b:1;i:9;b:1;i:10;b:1;i:11;b:1;i:12;b:1;i:13;b:1;i:14;b:1;i:15;b:1;i:16;b:1;i:17;b:1;i:18;b:1;i:19;b:1;i:20;b:1;i:21;b:1;i:22;b:1;i:23;b:1;i:24;b:1;i:25;b:1;i:26;b:1;i:27;b:1;i:28;b:1;i:29;b:1;i:30;b:1;}'),(26,1398589200,1398596400,3,5,'a:30:{i:1;b:1;i:2;b:1;i:3;b:1;i:4;b:1;i:5;b:1;i:6;b:1;i:7;b:1;i:8;b:1;i:9;b:1;i:10;b:1;i:11;b:1;i:12;b:1;i:13;b:1;i:14;b:1;i:15;b:1;i:16;b:1;i:17;b:1;i:18;b:1;i:19;b:1;i:20;b:1;i:21;b:1;i:22;b:1;i:23;b:1;i:24;b:1;i:25;b:1;i:26;b:1;i:27;b:1;i:28;b:1;i:29;b:1;i:30;b:1;}'),(27,1398589200,1398596400,4,4,'a:30:{i:1;b:1;i:2;b:1;i:3;b:1;i:4;b:1;i:5;b:1;i:6;b:1;i:7;b:1;i:8;b:1;i:9;b:1;i:10;b:1;i:11;b:1;i:12;b:1;i:13;b:1;i:14;b:1;i:15;b:1;i:16;b:1;i:17;b:1;i:18;b:1;i:19;b:1;i:20;b:1;i:21;b:1;i:22;b:1;i:23;b:1;i:24;b:1;i:25;b:1;i:26;b:1;i:27;b:1;i:28;b:1;i:29;b:1;i:30;b:1;}'),(28,1398589200,1398596400,5,3,'a:30:{i:1;b:1;i:2;b:1;i:3;b:1;i:4;b:1;i:5;b:1;i:6;b:1;i:7;b:1;i:8;b:1;i:9;b:1;i:10;b:1;i:11;b:1;i:12;b:1;i:13;b:1;i:14;b:1;i:15;b:1;i:16;b:1;i:17;b:1;i:18;b:1;i:19;b:1;i:20;b:1;i:21;b:1;i:22;b:1;i:23;b:1;i:24;b:1;i:25;b:1;i:26;b:1;i:27;b:1;i:28;b:1;i:29;b:1;i:30;b:1;}'),(29,1398589200,1398596400,6,2,'a:30:{i:1;b:1;i:2;b:1;i:3;b:1;i:4;b:1;i:5;b:1;i:6;b:1;i:7;b:1;i:8;b:1;i:9;b:1;i:10;b:1;i:11;b:1;i:12;b:1;i:13;b:1;i:14;b:1;i:15;b:1;i:16;b:1;i:17;b:1;i:18;b:1;i:19;b:1;i:20;b:1;i:21;b:1;i:22;b:1;i:23;b:1;i:24;b:1;i:25;b:1;i:26;b:1;i:27;b:1;i:28;b:1;i:29;b:1;i:30;b:1;}'),(30,1398589200,1398596400,7,1,'a:30:{i:1;b:1;i:2;b:1;i:3;b:1;i:4;b:1;i:5;b:1;i:6;b:1;i:7;b:1;i:8;b:1;i:9;b:1;i:10;b:1;i:11;b:1;i:12;b:1;i:13;b:1;i:14;b:1;i:15;b:1;i:16;b:1;i:17;b:1;i:18;b:1;i:19;b:1;i:20;b:1;i:21;b:1;i:22;b:1;i:23;b:1;i:24;b:1;i:25;b:1;i:26;b:1;i:27;b:1;i:28;b:1;i:29;b:1;i:30;b:1;}'),(31,1398589200,1398596400,8,7,'a:30:{i:1;b:1;i:2;b:1;i:3;b:1;i:4;b:1;i:5;b:1;i:6;b:1;i:7;b:1;i:8;b:1;i:9;b:1;i:10;b:1;i:11;b:1;i:12;b:1;i:13;b:1;i:14;b:1;i:15;b:1;i:16;b:1;i:17;b:1;i:18;b:1;i:19;b:1;i:20;b:1;i:21;b:1;i:22;b:1;i:23;b:1;i:24;b:1;i:25;b:1;i:26;b:1;i:27;b:1;i:28;b:1;i:29;b:1;i:30;b:1;}'),(32,1398589200,1398596400,9,6,'a:30:{i:1;b:1;i:2;b:1;i:3;b:1;i:4;b:1;i:5;b:1;i:6;b:1;i:7;b:1;i:8;b:1;i:9;b:1;i:10;b:1;i:11;b:1;i:12;b:1;i:13;b:1;i:14;b:1;i:15;b:1;i:16;b:1;i:17;b:1;i:18;b:1;i:19;b:1;i:20;b:1;i:21;b:1;i:22;b:1;i:23;b:1;i:24;b:1;i:25;b:1;i:26;b:1;i:27;b:1;i:28;b:1;i:29;b:1;i:30;b:1;}'),(33,1398589200,1398596400,10,5,'a:30:{i:1;b:1;i:2;b:1;i:3;b:1;i:4;b:1;i:5;b:1;i:6;b:1;i:7;b:1;i:8;b:1;i:9;b:1;i:10;b:1;i:11;b:1;i:12;b:1;i:13;b:1;i:14;b:1;i:15;b:1;i:16;b:1;i:17;b:1;i:18;b:1;i:19;b:1;i:20;b:1;i:21;b:1;i:22;b:1;i:23;b:1;i:24;b:1;i:25;b:1;i:26;b:1;i:27;b:1;i:28;b:1;i:29;b:1;i:30;b:1;}'),(34,1398589200,1398596400,11,4,'a:30:{i:1;b:1;i:2;b:1;i:3;b:1;i:4;b:1;i:5;b:1;i:6;b:1;i:7;b:1;i:8;b:1;i:9;b:1;i:10;b:1;i:11;b:1;i:12;b:1;i:13;b:1;i:14;b:1;i:15;b:1;i:16;b:1;i:17;b:1;i:18;b:1;i:19;b:1;i:20;b:1;i:21;b:1;i:22;b:1;i:23;b:1;i:24;b:1;i:25;b:1;i:26;b:1;i:27;b:1;i:28;b:1;i:29;b:1;i:30;b:1;}'),(35,1398589200,1398596400,12,3,'a:30:{i:1;b:1;i:2;b:1;i:3;b:1;i:4;b:1;i:5;b:1;i:6;b:1;i:7;b:1;i:8;b:1;i:9;b:1;i:10;b:1;i:11;b:1;i:12;b:1;i:13;b:1;i:14;b:1;i:15;b:1;i:16;b:1;i:17;b:1;i:18;b:1;i:19;b:1;i:20;b:1;i:21;b:1;i:22;b:1;i:23;b:1;i:24;b:1;i:25;b:1;i:26;b:1;i:27;b:1;i:28;b:1;i:29;b:1;i:30;b:1;}'),(36,1398589200,1398596400,13,2,'a:30:{i:1;b:1;i:2;b:1;i:3;b:1;i:4;b:1;i:5;b:1;i:6;b:1;i:7;b:1;i:8;b:1;i:9;b:1;i:10;b:1;i:11;b:1;i:12;b:1;i:13;b:1;i:14;b:1;i:15;b:1;i:16;b:1;i:17;b:1;i:18;b:1;i:19;b:1;i:20;b:1;i:21;b:1;i:22;b:1;i:23;b:1;i:24;b:1;i:25;b:1;i:26;b:1;i:27;b:1;i:28;b:1;i:29;b:1;i:30;b:1;}'),(37,1398589200,1398596400,14,1,'a:30:{i:1;b:1;i:2;b:1;i:3;b:1;i:4;b:1;i:5;b:1;i:6;b:1;i:7;b:1;i:8;b:1;i:9;b:1;i:10;b:1;i:11;b:1;i:12;b:1;i:13;b:1;i:14;b:1;i:15;b:1;i:16;b:1;i:17;b:1;i:18;b:1;i:19;b:1;i:20;b:1;i:21;b:1;i:22;b:1;i:23;b:1;i:24;b:1;i:25;b:1;i:26;b:1;i:27;b:1;i:28;b:1;i:29;b:1;i:30;b:1;}'),(38,1398589200,1398596400,15,7,'a:30:{i:1;b:1;i:2;b:1;i:3;b:1;i:4;b:1;i:5;b:1;i:6;b:1;i:7;b:1;i:8;b:1;i:9;b:1;i:10;b:1;i:11;b:1;i:12;b:1;i:13;b:1;i:14;b:1;i:15;b:1;i:16;b:1;i:17;b:1;i:18;b:1;i:19;b:1;i:20;b:1;i:21;b:1;i:22;b:1;i:23;b:1;i:24;b:1;i:25;b:1;i:26;b:1;i:27;b:1;i:28;b:1;i:29;b:1;i:30;b:1;}'),(39,1398589200,1398596400,16,6,'a:30:{i:1;b:1;i:2;b:1;i:3;b:1;i:4;b:1;i:5;b:1;i:6;b:1;i:7;b:1;i:8;b:1;i:9;b:1;i:10;b:1;i:11;b:1;i:12;b:1;i:13;b:1;i:14;b:1;i:15;b:1;i:16;b:1;i:17;b:1;i:18;b:1;i:19;b:1;i:20;b:1;i:21;b:1;i:22;b:1;i:23;b:1;i:24;b:1;i:25;b:1;i:26;b:1;i:27;b:1;i:28;b:1;i:29;b:1;i:30;b:1;}'),(40,1398589200,1398596400,17,5,'a:30:{i:1;b:1;i:2;b:1;i:3;b:1;i:4;b:1;i:5;b:1;i:6;b:1;i:7;b:1;i:8;b:1;i:9;b:1;i:10;b:1;i:11;b:1;i:12;b:1;i:13;b:1;i:14;b:1;i:15;b:1;i:16;b:1;i:17;b:1;i:18;b:1;i:19;b:1;i:20;b:1;i:21;b:1;i:22;b:1;i:23;b:1;i:24;b:1;i:25;b:1;i:26;b:1;i:27;b:1;i:28;b:1;i:29;b:1;i:30;b:1;}'),(41,1398589200,1398596400,18,4,'a:30:{i:1;b:1;i:2;b:1;i:3;b:1;i:4;b:1;i:5;b:1;i:6;b:1;i:7;b:1;i:8;b:1;i:9;b:1;i:10;b:1;i:11;b:1;i:12;b:1;i:13;b:1;i:14;b:1;i:15;b:1;i:16;b:1;i:17;b:1;i:18;b:1;i:19;b:1;i:20;b:1;i:21;b:1;i:22;b:1;i:23;b:1;i:24;b:1;i:25;b:1;i:26;b:1;i:27;b:1;i:28;b:1;i:29;b:1;i:30;b:1;}'),(42,1398589200,1398596400,19,3,'a:30:{i:1;b:1;i:2;b:1;i:3;b:1;i:4;b:1;i:5;b:1;i:6;b:1;i:7;b:1;i:8;b:1;i:9;b:1;i:10;b:1;i:11;b:1;i:12;b:1;i:13;b:1;i:14;b:1;i:15;b:1;i:16;b:1;i:17;b:1;i:18;b:1;i:19;b:1;i:20;b:1;i:21;b:1;i:22;b:1;i:23;b:1;i:24;b:1;i:25;b:1;i:26;b:1;i:27;b:1;i:28;b:1;i:29;b:1;i:30;b:1;}'),(43,1398589200,1398596400,20,2,'a:30:{i:1;b:1;i:2;b:1;i:3;b:1;i:4;b:1;i:5;b:1;i:6;b:1;i:7;b:1;i:8;b:1;i:9;b:1;i:10;b:1;i:11;b:1;i:12;b:1;i:13;b:1;i:14;b:1;i:15;b:1;i:16;b:1;i:17;b:1;i:18;b:1;i:19;b:1;i:20;b:1;i:21;b:1;i:22;b:1;i:23;b:1;i:24;b:1;i:25;b:1;i:26;b:1;i:27;b:1;i:28;b:1;i:29;b:1;i:30;b:1;}'),(44,1398589200,1398596400,21,1,'a:30:{i:1;b:1;i:2;b:1;i:3;b:1;i:4;b:1;i:5;b:1;i:6;b:1;i:7;b:1;i:8;b:1;i:9;b:1;i:10;b:1;i:11;b:1;i:12;b:1;i:13;b:1;i:14;b:1;i:15;b:1;i:16;b:1;i:17;b:1;i:18;b:1;i:19;b:1;i:20;b:1;i:21;b:1;i:22;b:1;i:23;b:1;i:24;b:1;i:25;b:1;i:26;b:1;i:27;b:1;i:28;b:1;i:29;b:1;i:30;b:1;}'),(45,1398589200,1398596400,22,7,'a:30:{i:1;b:1;i:2;b:1;i:3;b:1;i:4;b:1;i:5;b:1;i:6;b:1;i:7;b:1;i:8;b:1;i:9;b:1;i:10;b:1;i:11;b:1;i:12;b:1;i:13;b:1;i:14;b:1;i:15;b:1;i:16;b:1;i:17;b:1;i:18;b:1;i:19;b:1;i:20;b:1;i:21;b:1;i:22;b:1;i:23;b:1;i:24;b:1;i:25;b:1;i:26;b:1;i:27;b:1;i:28;b:1;i:29;b:1;i:30;b:1;}'),(46,1398589200,1398596400,23,6,'a:30:{i:1;b:1;i:2;b:1;i:3;b:1;i:4;b:1;i:5;b:1;i:6;b:1;i:7;b:1;i:8;b:1;i:9;b:1;i:10;b:1;i:11;b:1;i:12;b:1;i:13;b:1;i:14;b:1;i:15;b:1;i:16;b:1;i:17;b:1;i:18;b:1;i:19;b:1;i:20;b:1;i:21;b:1;i:22;b:1;i:23;b:1;i:24;b:1;i:25;b:1;i:26;b:1;i:27;b:1;i:28;b:1;i:29;b:1;i:30;b:1;}'),(47,1398596400,1398603600,1,2,'a:30:{i:1;b:1;i:2;b:1;i:3;b:1;i:4;b:1;i:5;b:1;i:6;b:1;i:7;b:1;i:8;b:1;i:9;b:1;i:10;b:1;i:11;b:1;i:12;b:1;i:13;b:1;i:14;b:1;i:15;b:1;i:16;b:1;i:17;b:1;i:18;b:1;i:19;b:1;i:20;b:1;i:21;b:1;i:22;b:1;i:23;b:1;i:24;b:1;i:25;b:1;i:26;b:1;i:27;b:1;i:28;b:1;i:29;b:1;i:30;b:1;}'),(48,1398596400,1398603600,2,1,'a:30:{i:1;b:1;i:2;b:1;i:3;b:1;i:4;b:1;i:5;b:1;i:6;b:1;i:7;b:1;i:8;b:1;i:9;b:1;i:10;b:1;i:11;b:1;i:12;b:1;i:13;b:1;i:14;b:1;i:15;b:1;i:16;b:1;i:17;b:1;i:18;b:1;i:19;b:1;i:20;b:1;i:21;b:1;i:22;b:1;i:23;b:1;i:24;b:1;i:25;b:1;i:26;b:1;i:27;b:1;i:28;b:1;i:29;b:1;i:30;b:1;}'),(49,1398596400,1398603600,3,7,'a:30:{i:1;b:1;i:2;b:1;i:3;b:1;i:4;b:1;i:5;b:1;i:6;b:1;i:7;b:1;i:8;b:1;i:9;b:1;i:10;b:1;i:11;b:1;i:12;b:1;i:13;b:1;i:14;b:1;i:15;b:1;i:16;b:1;i:17;b:1;i:18;b:1;i:19;b:1;i:20;b:1;i:21;b:1;i:22;b:1;i:23;b:1;i:24;b:1;i:25;b:1;i:26;b:1;i:27;b:1;i:28;b:1;i:29;b:1;i:30;b:1;}'),(50,1398596400,1398603600,4,6,'a:30:{i:1;b:1;i:2;b:1;i:3;b:1;i:4;b:1;i:5;b:1;i:6;b:1;i:7;b:1;i:8;b:1;i:9;b:1;i:10;b:1;i:11;b:1;i:12;b:1;i:13;b:1;i:14;b:1;i:15;b:1;i:16;b:1;i:17;b:1;i:18;b:1;i:19;b:1;i:20;b:1;i:21;b:1;i:22;b:1;i:23;b:1;i:24;b:1;i:25;b:1;i:26;b:1;i:27;b:1;i:28;b:1;i:29;b:1;i:30;b:1;}'),(51,1398596400,1398603600,5,5,'a:30:{i:1;b:1;i:2;b:1;i:3;b:1;i:4;b:1;i:5;b:1;i:6;b:1;i:7;b:1;i:8;b:1;i:9;b:1;i:10;b:1;i:11;b:1;i:12;b:1;i:13;b:1;i:14;b:1;i:15;b:1;i:16;b:1;i:17;b:1;i:18;b:1;i:19;b:1;i:20;b:1;i:21;b:1;i:22;b:1;i:23;b:1;i:24;b:1;i:25;b:1;i:26;b:1;i:27;b:1;i:28;b:1;i:29;b:1;i:30;b:1;}'),(52,1398596400,1398603600,6,4,'a:30:{i:1;b:1;i:2;b:1;i:3;b:1;i:4;b:1;i:5;b:1;i:6;b:1;i:7;b:1;i:8;b:1;i:9;b:1;i:10;b:1;i:11;b:1;i:12;b:1;i:13;b:1;i:14;b:1;i:15;b:1;i:16;b:1;i:17;b:1;i:18;b:1;i:19;b:1;i:20;b:1;i:21;b:1;i:22;b:1;i:23;b:1;i:24;b:1;i:25;b:1;i:26;b:1;i:27;b:1;i:28;b:1;i:29;b:1;i:30;b:1;}'),(53,1398596400,1398603600,7,3,'a:30:{i:1;b:1;i:2;b:1;i:3;b:1;i:4;b:1;i:5;b:1;i:6;b:1;i:7;b:1;i:8;b:1;i:9;b:1;i:10;b:1;i:11;b:1;i:12;b:1;i:13;b:1;i:14;b:1;i:15;b:1;i:16;b:1;i:17;b:1;i:18;b:1;i:19;b:1;i:20;b:1;i:21;b:1;i:22;b:1;i:23;b:1;i:24;b:1;i:25;b:1;i:26;b:1;i:27;b:1;i:28;b:1;i:29;b:1;i:30;b:1;}'),(54,1398596400,1398603600,8,2,'a:30:{i:1;b:1;i:2;b:1;i:3;b:1;i:4;b:1;i:5;b:1;i:6;b:1;i:7;b:1;i:8;b:1;i:9;b:1;i:10;b:1;i:11;b:1;i:12;b:1;i:13;b:1;i:14;b:1;i:15;b:1;i:16;b:1;i:17;b:1;i:18;b:1;i:19;b:1;i:20;b:1;i:21;b:1;i:22;b:1;i:23;b:1;i:24;b:1;i:25;b:1;i:26;b:1;i:27;b:1;i:28;b:1;i:29;b:1;i:30;b:1;}'),(55,1398596400,1398603600,9,1,'a:30:{i:1;b:1;i:2;b:1;i:3;b:1;i:4;b:1;i:5;b:1;i:6;b:1;i:7;b:1;i:8;b:1;i:9;b:1;i:10;b:1;i:11;b:1;i:12;b:1;i:13;b:1;i:14;b:1;i:15;b:1;i:16;b:1;i:17;b:1;i:18;b:1;i:19;b:1;i:20;b:1;i:21;b:1;i:22;b:1;i:23;b:1;i:24;b:1;i:25;b:1;i:26;b:1;i:27;b:1;i:28;b:1;i:29;b:1;i:30;b:1;}'),(56,1398596400,1398603600,10,7,'a:30:{i:1;b:1;i:2;b:1;i:3;b:1;i:4;b:1;i:5;b:1;i:6;b:1;i:7;b:1;i:8;b:1;i:9;b:1;i:10;b:1;i:11;b:1;i:12;b:1;i:13;b:1;i:14;b:1;i:15;b:1;i:16;b:1;i:17;b:1;i:18;b:1;i:19;b:1;i:20;b:1;i:21;b:1;i:22;b:1;i:23;b:1;i:24;b:1;i:25;b:1;i:26;b:1;i:27;b:1;i:28;b:1;i:29;b:1;i:30;b:1;}'),(57,1398596400,1398603600,11,6,'a:30:{i:1;b:1;i:2;b:1;i:3;b:1;i:4;b:1;i:5;b:1;i:6;b:1;i:7;b:1;i:8;b:1;i:9;b:1;i:10;b:1;i:11;b:1;i:12;b:1;i:13;b:1;i:14;b:1;i:15;b:1;i:16;b:1;i:17;b:1;i:18;b:1;i:19;b:1;i:20;b:1;i:21;b:1;i:22;b:1;i:23;b:1;i:24;b:1;i:25;b:1;i:26;b:1;i:27;b:1;i:28;b:1;i:29;b:1;i:30;b:1;}'),(58,1398596400,1398603600,12,5,'a:30:{i:1;b:1;i:2;b:1;i:3;b:1;i:4;b:1;i:5;b:1;i:6;b:1;i:7;b:1;i:8;b:1;i:9;b:1;i:10;b:1;i:11;b:1;i:12;b:1;i:13;b:1;i:14;b:1;i:15;b:1;i:16;b:1;i:17;b:1;i:18;b:1;i:19;b:1;i:20;b:1;i:21;b:1;i:22;b:1;i:23;b:1;i:24;b:1;i:25;b:1;i:26;b:1;i:27;b:1;i:28;b:1;i:29;b:1;i:30;b:1;}'),(59,1398596400,1398603600,13,4,'a:30:{i:1;b:1;i:2;b:1;i:3;b:1;i:4;b:1;i:5;b:1;i:6;b:1;i:7;b:1;i:8;b:1;i:9;b:1;i:10;b:1;i:11;b:1;i:12;b:1;i:13;b:1;i:14;b:1;i:15;b:1;i:16;b:1;i:17;b:1;i:18;b:1;i:19;b:1;i:20;b:1;i:21;b:1;i:22;b:1;i:23;b:1;i:24;b:1;i:25;b:1;i:26;b:1;i:27;b:1;i:28;b:1;i:29;b:1;i:30;b:1;}'),(60,1398596400,1398603600,14,3,'a:30:{i:1;b:1;i:2;b:1;i:3;b:1;i:4;b:1;i:5;b:1;i:6;b:1;i:7;b:1;i:8;b:1;i:9;b:1;i:10;b:1;i:11;b:1;i:12;b:1;i:13;b:1;i:14;b:1;i:15;b:1;i:16;b:1;i:17;b:1;i:18;b:1;i:19;b:1;i:20;b:1;i:21;b:1;i:22;b:1;i:23;b:1;i:24;b:1;i:25;b:1;i:26;b:1;i:27;b:1;i:28;b:1;i:29;b:1;i:30;b:1;}'),(61,1398596400,1398603600,15,2,'a:30:{i:1;b:1;i:2;b:1;i:3;b:1;i:4;b:1;i:5;b:1;i:6;b:1;i:7;b:1;i:8;b:1;i:9;b:1;i:10;b:1;i:11;b:1;i:12;b:1;i:13;b:1;i:14;b:1;i:15;b:1;i:16;b:1;i:17;b:1;i:18;b:1;i:19;b:1;i:20;b:1;i:21;b:1;i:22;b:1;i:23;b:1;i:24;b:1;i:25;b:1;i:26;b:1;i:27;b:1;i:28;b:1;i:29;b:1;i:30;b:1;}'),(62,1398596400,1398603600,16,1,'a:30:{i:1;b:1;i:2;b:1;i:3;b:1;i:4;b:1;i:5;b:1;i:6;b:1;i:7;b:1;i:8;b:1;i:9;b:1;i:10;b:1;i:11;b:1;i:12;b:1;i:13;b:1;i:14;b:1;i:15;b:1;i:16;b:1;i:17;b:1;i:18;b:1;i:19;b:1;i:20;b:1;i:21;b:1;i:22;b:1;i:23;b:1;i:24;b:1;i:25;b:1;i:26;b:1;i:27;b:1;i:28;b:1;i:29;b:1;i:30;b:1;}'),(63,1398596400,1398603600,17,7,'a:30:{i:1;b:1;i:2;b:1;i:3;b:1;i:4;b:1;i:5;b:1;i:6;b:1;i:7;b:1;i:8;b:1;i:9;b:1;i:10;b:1;i:11;b:1;i:12;b:1;i:13;b:1;i:14;b:1;i:15;b:1;i:16;b:1;i:17;b:1;i:18;b:1;i:19;b:1;i:20;b:1;i:21;b:1;i:22;b:1;i:23;b:1;i:24;b:1;i:25;b:1;i:26;b:1;i:27;b:1;i:28;b:1;i:29;b:1;i:30;b:1;}'),(64,1398596400,1398603600,18,6,'a:30:{i:1;b:1;i:2;b:1;i:3;b:1;i:4;b:1;i:5;b:1;i:6;b:1;i:7;b:1;i:8;b:1;i:9;b:1;i:10;b:1;i:11;b:1;i:12;b:1;i:13;b:1;i:14;b:1;i:15;b:1;i:16;b:1;i:17;b:1;i:18;b:1;i:19;b:1;i:20;b:1;i:21;b:1;i:22;b:1;i:23;b:1;i:24;b:1;i:25;b:1;i:26;b:1;i:27;b:1;i:28;b:1;i:29;b:1;i:30;b:1;}'),(65,1398596400,1398603600,19,5,'a:30:{i:1;b:1;i:2;b:1;i:3;b:1;i:4;b:1;i:5;b:1;i:6;b:1;i:7;b:1;i:8;b:1;i:9;b:1;i:10;b:1;i:11;b:1;i:12;b:1;i:13;b:1;i:14;b:1;i:15;b:1;i:16;b:1;i:17;b:1;i:18;b:1;i:19;b:1;i:20;b:1;i:21;b:1;i:22;b:1;i:23;b:1;i:24;b:1;i:25;b:1;i:26;b:1;i:27;b:1;i:28;b:1;i:29;b:1;i:30;b:1;}'),(66,1398596400,1398603600,20,4,'a:30:{i:1;b:1;i:2;b:1;i:3;b:1;i:4;b:1;i:5;b:1;i:6;b:1;i:7;b:1;i:8;b:1;i:9;b:1;i:10;b:1;i:11;b:1;i:12;b:1;i:13;b:1;i:14;b:1;i:15;b:1;i:16;b:1;i:17;b:1;i:18;b:1;i:19;b:1;i:20;b:1;i:21;b:1;i:22;b:1;i:23;b:1;i:24;b:1;i:25;b:1;i:26;b:1;i:27;b:1;i:28;b:1;i:29;b:1;i:30;b:1;}'),(67,1398596400,1398603600,21,3,'a:30:{i:1;b:1;i:2;b:1;i:3;b:1;i:4;b:1;i:5;b:1;i:6;b:1;i:7;b:1;i:8;b:1;i:9;b:1;i:10;b:1;i:11;b:1;i:12;b:1;i:13;b:1;i:14;b:1;i:15;b:1;i:16;b:1;i:17;b:1;i:18;b:1;i:19;b:1;i:20;b:1;i:21;b:1;i:22;b:1;i:23;b:1;i:24;b:1;i:25;b:1;i:26;b:1;i:27;b:1;i:28;b:1;i:29;b:1;i:30;b:1;}'),(68,1398596400,1398603600,22,2,'a:30:{i:1;b:1;i:2;b:1;i:3;b:1;i:4;b:1;i:5;b:1;i:6;b:1;i:7;b:1;i:8;b:1;i:9;b:1;i:10;b:1;i:11;b:1;i:12;b:1;i:13;b:1;i:14;b:1;i:15;b:1;i:16;b:1;i:17;b:1;i:18;b:1;i:19;b:1;i:20;b:1;i:21;b:1;i:22;b:1;i:23;b:1;i:24;b:1;i:25;b:1;i:26;b:1;i:27;b:1;i:28;b:1;i:29;b:1;i:30;b:1;}'),(69,1398596400,1398603600,23,1,'a:30:{i:1;b:1;i:2;b:1;i:3;b:1;i:4;b:1;i:5;b:1;i:6;b:1;i:7;b:1;i:8;b:1;i:9;b:1;i:10;b:1;i:11;b:1;i:12;b:1;i:13;b:1;i:14;b:1;i:15;b:1;i:16;b:1;i:17;b:1;i:18;b:1;i:19;b:1;i:20;b:1;i:21;b:1;i:22;b:1;i:23;b:1;i:24;b:1;i:25;b:1;i:26;b:1;i:27;b:1;i:28;b:1;i:29;b:1;i:30;b:1;}');
/*!40000 ALTER TABLE `sessions` ENABLE KEYS */;
UNLOCK TABLES;
/*!40103 SET TIME_ZONE=@OLD_TIME_ZONE */;

/*!40101 SET SQL_MODE=@OLD_SQL_MODE */;
/*!40014 SET FOREIGN_KEY_CHECKS=@OLD_FOREIGN_KEY_CHECKS */;
/*!40014 SET UNIQUE_CHECKS=@OLD_UNIQUE_CHECKS */;
/*!40101 SET CHARACTER_SET_CLIENT=@OLD_CHARACTER_SET_CLIENT */;
/*!40101 SET CHARACTER_SET_RESULTS=@OLD_CHARACTER_SET_RESULTS */;
/*!40101 SET COLLATION_CONNECTION=@OLD_COLLATION_CONNECTION */;
/*!40111 SET SQL_NOTES=@OLD_SQL_NOTES */;

-- Dump completed on 2014-04-28  0:53:59
